Study,Reward,Bonus,Started At,Completed At,Completion Code,Status
Influencer Study,£0.20,£0.00,2026-05-20 17:19:44.358000,2026-05-20 17:23:18.414000,C1BXVOHO,APPROVED
Understanding the Moments After a Car Accident,$2.34,$0.25,2026-05-20 16:42:52.419000,2026-05-20 16:48:54.882000,dc4d2096,SCREENED OUT
AI Study,$0.14,$0.00,2026-05-20 15:29:06.819000,2026-05-20 15:29:52.594000,TSK-FBAC625888,AWAITING REVIEW
Give us feedback on a new design we're working on,$7.20,$0.00,2026-05-20 14:24:34.498000,,,RETURNED
"Cross-Cultural Differences in Thoughts, Feelings, and Experiences",£1.30,£0.00,2026-05-20 14:05:13.812000,2026-05-20 14:16:37.818000,CXSX86X6,AWAITING REVIEW
How do people understand mental health difficulties? (1),£2.96,£0.00,2026-05-19 21:34:51.701000,2026-05-19 22:08:26.158000,CIPGVO8C,APPROVED
Help us make our app better,$2.60,$0.57,2026-05-19 18:33:05.299000,2026-05-19 18:44:39.241000,SCREENOUT001,SCREENED OUT
Interactive Study,$7.50,$0.00,2026-05-19 16:55:55.333000,,,RETURNED
Organizational Behavior Research,$0.55,$0.00,2026-05-19 16:12:21.948000,2026-05-19 16:25:06.196000,C1O4L655,APPROVED
Workplace Survey,$1.50,$0.00,2026-05-19 15:41:30.557000,2026-05-19 15:55:42.042000,CZYRXNN8,RETURNED
Hábitos de escrita e ferramentas — sua opinião conta,$3.00,$0.00,2026-05-19 15:07:04.413000,2026-05-19 15:18:39.398000,C10TS5RY,APPROVED
Enhancing Digital Supply Chain Competitiveness through BDAC (Big Data Analytics Capability),£0.45,£0.00,2026-05-16 20:45:33.278000,2026-05-16 20:51:39.682000,NOCODE,APPROVED
A survey about work experience,£0.80,£0.00,2026-05-16 13:07:43.824000,2026-05-16 13:12:18.132000,C14DD7ZR,AWAITING REVIEW
G-Brazil-P225,£1.55,£0.00,2026-05-16 12:59:52.644000,,,RETURNED
Research and Analysis,$0.84,$0.00,2026-05-16 03:20:53.262000,,,RETURNED
Comparte tu opinión sobre las apps que usas,$3.74,$0.50,2026-05-15 18:01:59.203000,2026-05-15 18:04:10.056000,75NLBUO4,SCREENED OUT
Feedback for my study notification extension (3 questions) Copy,£0.10,£0.00,2026-05-15 17:10:59.782000,2026-05-15 17:16:37.426000,C136FISB,APPROVED
App visual taste test,$0.72,$0.00,2026-05-15 15:35:36.744000,2026-05-15 15:40:34.332000,6e4ec774,APPROVED
Consumer attitudes about products and services,$0.60,$0.00,2026-05-15 15:12:00.015000,,,RETURNED
Understanding Emotions through Surveys,$2.67,$1.28,2026-05-15 14:00:35.956000,2026-05-15 14:09:47.847000,C1JUEQM8,APPROVED
How do you react when things don’t go as planned at work? Copy Copy,$6.00,$0.00,2026-05-14 22:51:14.708000,2026-05-14 23:09:33.444000,C1AUU94Q,APPROVED
Usability Test: Posting on short-form videos on social media for family and friends,$12.80,$1.77,2026-05-14 20:53:31.351000,2026-05-14 20:54:10.390000,SCREENOUT001,SCREENED OUT
Employee Experience & Organizational Commitment Study,$1.34,$0.00,2026-05-14 18:23:31.128000,2026-05-14 18:32:08.081000,C1IGA6PI,APPROVED
A survey about organizational practices,£1.20,£0.00,2026-05-14 14:58:05.555000,2026-05-14 15:19:39.280000,CCCIUQ19,APPROVED
Judgment and choice,$0.80,$0.00,2026-05-14 14:13:40.284000,2026-05-14 14:17:53.921000,6C1838AD,APPROVED
Avaliação da Usabilidade de Sistemas de Tradução de Fala (Destinatário),£12.50,£0.00,2026-05-14 12:54:17.200000,2026-05-14 13:46:36.521000,CHD9CTLV,APPROVED
Impact of Employment Barriers Among Neurodiverse Employees,$2.70,$0.00,2026-05-14 01:18:15.819000,,,RETURNED
How performance criteria influence remote work behavior,£1.40,£0.00,2026-05-13 19:33:35.674000,2026-05-13 19:40:29.431000,C1D9Q71H,APPROVED
Percepção da Geração Z sobre Sustentabilidade e Decisão de Carreira,£0.75,£0.00,2026-05-13 17:01:07.652000,2026-05-13 17:06:05.573000,NOCODE,APPROVED
How do people interact with their environment?,£2.77,£0.00,2026-05-13 15:47:30.874000,2026-05-13 16:07:32.751000,NOCODE,AWAITING REVIEW
Decision-Making in Criminal Cases (Pilot),£0.75,£0.00,2026-05-13 14:38:44.587000,2026-05-13 14:48:55.137000,CSN7XNCL,APPROVED
Um estudo sobre empresas,£0.75,£0.00,2026-05-13 12:48:36.731000,,,TIMED-OUT
Personal experience and feelings,$1.34,$0.00,2026-05-13 00:21:50.407000,2026-05-13 00:28:29.594000,CB2DTH2Y,APPROVED
Please give us your opinion on some questions,$0.40,$0.00,2026-05-12 16:37:41.678000,2026-05-12 16:39:23.270000,C9J94OOZ,APPROVED
Portuguese - Spoken Proficiency (CHAT AI),£2.50,£0.00,2026-05-12 13:19:35.954000,2026-05-12 13:36:56.854000,CY8WFWSK,RETURNED
Determinantes de Comportamentos Digitais Ecológicos,£1.50,£0.00,2026-05-11 21:01:18.002000,2026-05-11 21:15:58.265000,C18R0390,APPROVED
Video Quality Evaluation: Text Matching,$3.00,$0.00,2026-05-11 20:17:50.552000,2026-05-11 20:28:30.879000,C10E3PJS,APPROVED
Donation decisions on Crowdfunding Platforms,£0.35,£0.00,2026-05-11 19:03:32.378000,2026-05-11 19:05:37.141000,CRSHPIG2,APPROVED
Consumer Perceptions of Influencer Marketing,£1.54,£0.00,2026-05-11 18:14:25.465000,2026-05-11 18:21:10.139000,CC8VFA85,APPROVED
Pattern Sensing + Tacit Knowledge,$2.50,$0.00,2026-05-11 12:53:59.835000,2026-05-11 13:00:44.792000,CZD69U59,APPROVED
Empreendedorismo no supply chain I,£0.91,£0.00,2026-05-11 12:03:00.013000,,,RETURNED
Social Resistance to Metaverse,£0.53,£0.04,2026-05-11 02:31:03.533000,2026-05-11 02:35:20.436000,NOCODE,APPROVED
Product Packaging Memory Task - Main,$1.20,$0.00,2026-05-10 19:42:33.186000,,,RETURNED
[SCREENING REQUIRED]Survey & feedback task.,$1.44,$0.25,2026-05-10 18:17:27.746000,2026-05-10 18:18:09.827000,c0b98668,SCREENED OUT
Recruiting employees from startups and SMEs that use Generative AI tools at work,$0.71,$0.71,2026-05-10 16:04:40.288000,2026-05-10 16:12:52.125000,CNAIWEDW,APPROVED
Selecting circles with your computer mouse,£2.25,£0.00,2026-05-09 21:49:00.009000,,,RETURNED
E-Brazil-P5,£1.60,£0.00,2026-05-09 13:55:00.020000,,,RETURNED
One-on-One Portuguese Video Conversation (Headphones Required),$15.00,$0.25,2026-05-09 02:13:27.852000,2026-05-09 02:22:50.427000,AQI,SCREENED OUT
One-on-One Portuguese Video Conversation (Headphones Required),$15.00,$0.00,2026-05-08 20:51:00.206000,,,RETURNED
Environmental Attitudes Study Copy,$3.00,$0.00,2026-05-08 20:20:53.721000,2026-05-08 20:39:54.980000,C1QUF26G,APPROVED
A study about Sneakerheads,$0.25,$0.00,2026-05-08 15:50:31.098000,2026-05-08 15:51:34.342000,NOCODE,APPROVED
Tell me the Brands you know!,£0.80,£0.00,2026-05-08 15:44:41.380000,2026-05-08 15:49:33.358000,C1E6O3VF,APPROVED
Olá e obrigado por participar!,$6.40,$0.00,2026-05-08 14:00:14.802000,2026-05-08 15:01:26.583000,f4e18a42-870b-4e72-b83f-cd37e8f53233,APPROVED
Meeting Room Image Collection - People Outside Room,$9.40,$0.00,2026-05-08 01:21:41.457000,,,RETURNED
Adaptação de escala de regulação emocional,£3.00,£0.00,2026-05-07 16:30:00.408000,2026-05-07 16:49:33.680000,CGRGS74W,APPROVED
FEITO POR HUMANOS: EFEITOS DA CERTIFICAÇÃO DE CONTEÚDOS SEM IA NA PERCEPÇÃO DO CONSUMIDOR,£0.85,£0.00,2026-05-07 14:27:53.953000,2026-05-07 14:30:56.269000,CXWZSQ2X,APPROVED
LUCID Human Study eval,$2.15,$0.00,2026-05-06 22:24:13.766000,2026-05-06 22:27:05.374000,C6CNCQ6M,APPROVED
Pense em voz alta enquanto realiza as tarefas e dê sua opinião,$50.00,$0.00,2026-05-06 19:56:26.632000,2026-05-06 21:45:22.306000,CN0C1PVP,APPROVED
Judgment and choice,$0.60,$0.00,2026-05-06 14:49:52.258000,2026-05-06 14:53:45.417000,CVUG7EH2,APPROVED
Look at the image and answer several simple questions,$0.18,$0.00,2026-05-06 14:40:12.837000,2026-05-06 14:41:33.003000,C1IFRQ1T,APPROVED
Study on Healthcare AI Data Cooperatives,£0.26,£0.00,2026-05-06 13:24:51.053000,,,RETURNED
Review and Rating of University Experience by Students and Alumni,£1.35,£0.00,2026-05-06 12:27:32.006000,2026-05-06 12:50:46.844000,CD4RSKMG,APPROVED
Transcrição de documentos históricos (Portuguese only),£1.00,£0.00,2026-05-05 20:10:08.593000,2026-05-05 20:18:25.505000,CN4EEAW7,APPROVED
Avalie as frases,$2.50,$0.00,2026-05-05 17:43:11.224000,2026-05-05 17:59:42.552000,CFICZLG4,APPROVED
Attitude towards Instagram post VF,£0.41,£0.00,2026-05-05 13:48:33.953000,2026-05-05 13:57:54.966000,CHKSBBVV,APPROVED
Experiential Satisfaction of Online Virtual Exhibitions Copy,£1.06,£0.00,2026-05-05 12:45:07.599000,2026-05-05 12:55:16.837000,CVHWO7KD,AWAITING REVIEW
Teste de chatbot para criar fluxos de processo (14 min),£1.46,£0.00,2026-05-04 22:05:05.291000,2026-05-04 22:22:43.787000,C183FPZ8,APPROVED
Advice-Seeking Perceptions Study,$1.01,$0.00,2026-05-04 18:35:35.881000,2026-05-04 18:48:48.603000,C385G3DK,APPROVED
Fitness app users needed to help feedback on new designs,$8.57,$0.00,2026-05-04 00:06:36.529000,,,RETURNED
Digital Business Innovation and Performance of Digital Ventures Copy Copy,£0.75,£0.00,2026-05-03 21:39:48.148000,2026-05-03 21:43:04.215000,C192XH98,RETURNED
Social interactions,£0.55,£0.00,2026-05-03 00:53:29.098000,2026-05-03 00:55:05.299000,C1MJELRN,RETURNED
Understanding Task Experiences on Prolific,£3.00,£0.00,2026-05-02 23:40:56.338000,2026-05-03 00:15:32.787000,CEMXSL3I,RETURNED
Product test,$0.17,$0.00,2026-05-02 19:58:46.839000,2026-05-02 20:00:03.332000,CHM0JCAK,AWAITING REVIEW
Perceived supervisor discretion scale development,£0.50,£0.00,2026-05-02 17:11:42.547000,,,RETURNED
Short Survey on Scheduling,$0.39,$0.00,2026-05-01 21:19:00.789000,2026-05-01 21:21:20.085000,CUND81J0,APPROVED
Ratings for Creative Story Writing (5),£1.34,£0.00,2026-05-01 16:41:35.436000,2026-05-01 16:46:19.084000,eval-301835-raax-fowh,APPROVED
Compartilhe Seus Hábitos de Compra,$11.20,$0.00,2026-05-01 14:49:06.053000,2026-05-01 15:29:09.316000,SHRKOD0P,APPROVED
Perceived supervisor discretion in workplace,£1.00,£0.00,2026-05-01 14:21:07.524000,2026-05-01 14:29:03.492000,NOCODE,APPROVED
"Triple Shock & Restless Consumer: Global events, daily life, and mobility decisions",$5.00,$0.00,2026-05-01 14:10:14.397000,,,RETURNED
"Triple Shock & Restless Consumer: Global events, daily life, and mobility decisions",$3.00,$0.00,2026-05-01 14:01:14.737000,,,RETURNED
"Wealth, Financial Freedom, and Restless consumer",$5.00,$0.00,2026-05-01 13:35:05.386000,,,RETURNED
Experiences of Working with AI Systems,£0.75,£0.00,2026-05-01 02:30:28.419000,,,RETURNED
Study on Sports Events and Marketing Messages,$5.67,$0.00,2026-04-30 21:49:51.652000,2026-04-30 22:12:16.133000,GT3PFN6U,AWAITING REVIEW
Online Task Study,$1.07,$0.00,2026-04-30 20:55:55.499000,2026-04-30 20:58:52.890000,CTW2KCMI,APPROVED
Study on World Cup and Sports Marketing Messages Copy,$5.67,$0.00,2026-04-30 16:17:19.049000,2026-04-30 16:39:53.902000,IX951QCW,AWAITING REVIEW
dissertation study 3,$1.60,$0.00,2026-04-30 15:00:20.373000,,,RETURNED
"Wealth, Financial Freedom, and Restless consumer",$3.00,$0.15,2026-04-30 14:31:24.838000,2026-04-30 14:33:05.532000,YT5C1H5W,SCREENED OUT
A study about Kiva 2,£0.28,£0.00,2026-04-30 02:33:30.814000,2026-04-30 02:38:23.737000,C181L26I,AWAITING REVIEW
The Psychological Effects of Auditory Entrainment from Tibetan Singing Bowls,£9.75,£0.00,2026-04-30 00:33:14.869000,2026-04-30 01:35:01.709000,CBBJ6FMX,APPROVED
Navigating support through multiple modes,$4.00,$0.14,2026-04-29 21:18:34.488000,2026-04-29 21:18:50.489000,C11FXCB0,SCREENED OUT
Media Task,$3.00,$0.00,2026-04-29 20:54:22.341000,2026-04-29 21:09:39.425000,CMXQ8VLW,APPROVED
Cognitive mechanisms of active engagement - Session 2,$3.00,$0.00,2026-04-29 20:33:26.997000,2026-04-29 20:50:54.267000,C1BR1NDJ,APPROVED
Consumer Perception to Influencers in Livestreaming Context,$1.50,$0.08,2026-04-29 19:27:32.907000,2026-04-29 19:40:03.892000,C18E25C7,APPROVED
Quão bem a IA fala,$11.00,$0.00,2026-04-29 15:34:05.486000,2026-04-29 16:44:43.165000,WHI8QF4S,APPROVED
Information processing,£0.40,£0.00,2026-04-29 12:58:42.049000,2026-04-29 13:05:22.958000,C1LU7LQI,APPROVED
Online Video Advertisement Survey,£0.45,£0.00,2026-04-28 20:51:52.154000,2026-04-28 21:00:02.019000,C14NW759,RETURNED
Help test a candidate review interface,$4.28,$0.00,2026-04-28 15:33:22.656000,,,RETURNED
Work Experiences and Leadership in the Workplace,£1.05,£0.00,2026-04-28 15:06:14.176000,2026-04-28 15:14:57.673000,C1IVRV61,APPROVED
Creative Story Writing (10),£1.67,£0.00,2026-04-28 13:45:53.985000,2026-04-28 13:58:27.331000,29113-vodu-wzai,RETURNED
Survey on Tourism Industry Employees Using Artificial Intelligence(AI),£0.60,£0.00,2026-04-28 13:22:34.042000,,,RETURNED
O que os linguistas fazem?,£0.45,£0.08,2026-04-28 12:36:27.442000,2026-04-28 12:39:54.628000,CABYT0JH,APPROVED
Generative AI Use Survey [Copy],$4.00,$0.00,2026-04-28 04:19:53.202000,2026-04-28 04:33:07.755000,CD9UXNJW,APPROVED
Share Your Opinion on Lifestyle & Social Activities,$3.74,$0.50,2026-04-28 02:49:34.138000,2026-04-28 02:52:46.987000,ECZ2XP4Z,SCREENED OUT
Organizational Ambidexterity: The Role of Human Resources Practices in Organizations,£2.25,£0.00,2026-04-28 01:14:25.991000,2026-04-28 01:25:06.639000,C10LB9D6,APPROVED
"Dreams, Restless consumer",$5.00,$0.15,2026-04-28 00:45:23.805000,2026-04-28 00:46:51.016000,TPPJYWU1,SCREENED OUT
A study about Current Events awareness,£0.30,£0.00,2026-04-27 20:13:29.682000,2026-04-27 20:16:28.442000,CQDABV6R,APPROVED
Business Confidence,$1.08,$0.25,2026-04-27 18:18:30.262000,2026-04-27 18:18:57.905000,afbe42e8,SCREENED OUT
[RECORDING + SCREENING REQUIRED]Usability task & feedback on a website/app prototype.,$2.45,$0.25,2026-04-27 17:23:28.344000,2026-04-27 17:27:17.329000,82ebff5b,SCREENED OUT
[SCREENING REQUIRED]Survey & feedback task.,$0.54,$0.25,2026-04-27 15:38:05.176000,2026-04-27 15:39:28.886000,84fd29c3,SCREENED OUT
"Triple Shock & Restless Consumer: Global events, daily life, and mobility decisions",$5.00,$0.15,2026-04-27 14:09:58.601000,2026-04-27 14:13:06.806000,8GFNJVJX,SCREENED OUT
Online video content,£0.40,£0.00,2026-04-27 00:31:09.338000,2026-04-27 00:38:58.594000,C93ANA3G,RETURNED
Estudio de Investigación sobre Publicidad,$11.20,$0.00,2026-04-26 20:23:27.746000,2026-04-26 21:03:05.494000,BG2KTZOV,APPROVED
Survey about factory and automation video games (~10 min),£2.30,£2.01,2026-04-26 18:29:03.162000,2026-04-26 18:46:17.732000,CHY8J08K,APPROVED
Short Survey on Scheduling,$0.40,$0.00,2026-04-25 21:33:18.863000,2026-04-25 21:34:18.502000,CUND81J0,APPROVED
Sequence Memorization,$1.50,$0.00,2026-04-24 21:22:48.744000,2026-04-24 21:28:48.863000,CILKXMIQ,APPROVED
Rate how things are going at your job,$2.34,$0.00,2026-04-24 20:37:43.246000,2026-04-24 20:48:24.798000,26EC74D0,APPROVED
Decision making assessment,£6.00,£0.00,2026-04-24 18:39:58.335000,2026-04-24 19:23:45.062000,NOCODE,APPROVED
Misophonia Screener 2,£0.10,£0.00,2026-04-24 17:20:10.922000,2026-04-24 17:20:56.118000,NOCODE,APPROVED
Online Task Study,$1.07,$0.00,2026-04-24 16:19:17.752000,2026-04-24 16:24:50.374000,CTW2KCMI,APPROVED
Decision-Making Study,£2.77,£0.00,2026-04-24 13:54:26.168000,2026-04-24 14:19:04.184000,CG7WLVC4,APPROVED
"MG Motor: Heritage, Authenticity, and Future Trust.",£0.15,£0.18,2026-04-24 13:44:50.341000,2026-04-24 13:49:22.482000,A2EF-X727-JXHE-D67X,APPROVED
Native Indonesian Language 2.0,£4.00,£0.00,2026-04-24 13:29:04.559000,,,RETURNED
Written Imaginal Thinking Exercise (WRITE) Study Part 1: Coping with Stressful Social Situations,$12.00,$0.14,2026-04-24 00:03:37.899000,2026-04-24 00:12:25.120000,C1K84N11,SCREENED OUT
[60min] Overseas IAA casual game user interviews: Block Blast! & Vita Mahjong (US/Indonesia/Brazil),$40.00,$0.00,2026-04-23 23:57:20.647000,,,RETURNED
Cognitive mechanisms of active engagement 1 - Session 1,$12.00,$0.00,2026-04-23 20:33:39.724000,2026-04-23 21:29:11.831000,C1BR1NDJ,APPROVED
Help us design better listing management tools,$2.14,$0.00,2026-04-23 18:41:00.010000,,,RETURNED
Consumer decision-making: Choosing a laptop online,£0.88,£0.00,2026-04-23 17:04:48.893000,2026-04-23 17:08:32.353000,C9S5MPEH,APPROVED
Brief Opinion Survey,$0.27,$0.00,2026-04-23 15:42:26.442000,2026-04-23 15:44:22.638000,CMG8QB3U,APPROVED
a study about your use of work products and tools Copy,$7.00,$0.15,2026-04-23 15:34:01.382000,2026-04-23 15:36:19.317000,CZRZMFO4,SCREENED OUT
Pre-Post Meeting Experience Evaluation of Videoconferencing App,$1.64,$0.00,2026-04-23 13:22:05.906000,,,RETURNED
One mutiple choice question about your preference,£0.18,£0.00,2026-04-23 13:20:02.738000,2026-04-23 13:20:24.514000,NOCODE,RETURNED
Desktop App - Pre-Post Meeting Experience Evaluation of Videoconferencing App,$2.00,$0.00,2026-04-23 12:58:24.610000,2026-04-23 13:12:41.658000,DONE_5bede1,APPROVED
Share Your Hobbies & Entertainment Habits,$7.20,$0.00,2026-04-22 22:12:16.103000,2026-04-22 22:43:27.995000,DZDVO6F4,APPROVED
Online Task Study,$1.07,$0.00,2026-04-22 19:57:52.754000,,,RETURNED
Mobile - Pre-Post Meeting Experience Evaluation of Videoconferencing App,$1.61,$0.00,2026-04-22 16:46:30.613000,2026-04-22 17:08:28.609000,DONE_379d78,APPROVED
Consumer attitudes about products and services,$0.65,$0.00,2026-04-22 16:01:46.997000,2026-04-22 16:10:39.590000,CWS33WF0,APPROVED
How much would you pay to attend your favorite major sports event?,£0.31,£0.00,2026-04-22 15:52:20.449000,2026-04-22 15:53:38.659000,CDYPLFDM,APPROVED
Normatização semântico-emocional de palavras do português brasileiro,£6.75,£0.00,2026-04-22 13:55:16.199000,2026-04-22 14:51:42.722000,C17BQ92B,APPROVED
Public Perceptions of Ethical Concerns in Deepfake Technology,£0.15,£0.00,2026-04-22 12:29:11.913000,2026-04-22 12:35:19.272000,NOCODE,APPROVED
Audio Clip Comparison -- Intensity (Global) [Validation],$3.00,$0.00,2026-04-21 22:50:48.053000,2026-04-21 23:05:57.861000,AUD_A,APPROVED
Byline — Mahalo vs Satori — Brazil,$0.70,$0.00,2026-04-21 22:28:39.935000,2026-04-21 22:36:21.159000,NOCODE,APPROVED
Video Clip Slider Rating (Global) [Pilot],$1.60,$0.00,2026-04-21 22:16:53.979000,2026-04-21 22:28:14.822000,SLD_GL,APPROVED
Consumer product evaluation study,£0.90,£0.00,2026-04-21 17:32:31.838000,2026-04-21 17:38:45.102000,C17YBB6M,APPROVED
10 min. Companion Robot Impressions & Experience Copy,£1.50,£0.00,2026-04-21 03:59:29.497000,2026-04-21 04:15:02.883000,CRC2KQL3,APPROVED
Food delivery application Copy,£0.10,£0.00,2026-04-21 02:45:00.028000,,,RETURNED
Tech Literacy Study: Understanding Next-Generation AI,$3.00,$0.00,2026-04-21 02:06:30.619000,2026-04-21 02:26:43.068000,NOCODE,APPROVED
Test a new personality-matched friendship app (sign up + explore),$0.20,$0.00,2026-04-20 20:09:42.455000,,,RETURNED
Workplace performance evaluation study,£0.90,£0.00,2026-04-20 17:00:10.372000,2026-04-20 17:02:34.599000,CWJEA90Y,APPROVED
Workplace attitudes and behavior (Study 1),£4.00,£0.00,2026-04-20 14:19:18.389000,2026-04-20 14:38:00.773000,C65HZUMU,APPROVED
Workplace Leadership Behaviors,$3.00,$0.00,2026-04-20 13:03:03.944000,2026-04-20 13:08:26.020000,NOCODE,APPROVED
Let us take you through an activity!,$5.00,$0.00,2026-04-20 03:11:35.742000,,,RETURNED
Advertising Creative Creation,£0.20,£0.00,2026-04-19 22:55:57.082000,2026-04-19 23:08:19.636000,NOCODE,RETURNED
How do these screenshots look to you?,$1.00,$0.50,2026-04-19 19:57:21.047000,2026-04-19 20:04:19.630000,NOCODE,APPROVED
Creativity Enabling Leadership on Employees' Creativity,£1.05,£0.31,2026-04-19 19:01:13.110000,2026-04-19 19:21:30.509000,C13A8UDY,APPROVED
Data Analysis with Business Dashboards + AI Assistant,£3.00,£0.47,2026-04-18 19:37:31.813000,2026-04-18 20:00:51.470000,C2DATA07,APPROVED
Matching task between visual and auditory stimuli,£1.05,£0.00,2026-04-18 18:05:55.039000,,,RETURNED
Evaluating Advice for Real-Life Decisions (6th round),$5.00,$0.00,2026-04-18 04:23:24.659000,2026-04-18 04:45:13.328000,NOCODE,APPROVED
"Estudo de Tapagem Musical — Pop Global (Sala Silenciosa, Somente Alto-falantes do Notebook, Chrome, ~40 min)",£6.00,£0.00,2026-04-18 02:58:33.418000,2026-04-18 03:49:18.506000,ZAO5SFS4,APPROVED
Searched for a job after 2022? Answer our survey!,$0.70,$0.00,2026-04-18 01:19:05.028000,2026-04-18 01:22:19.917000,C5JYBDCS,APPROVED
Programming with a digital assistant,£2.50,£0.00,2026-04-17 16:35:37.860000,2026-04-17 16:56:09.449000,CMCYIM4R,APPROVED
Executive Survey – Decision Orientation and Operating Approach - Batch 1,$1.40,$0.00,2026-04-17 15:23:11.879000,,,RETURNED
Pesquisa de Comportamento (Behaivor Survey),£0.10,£0.00,2026-04-17 14:37:37.151000,2026-04-17 14:40:15.896000,C9YYMKWY,APPROVED
The Spotlight of Attention,£3.00,£0.97,2026-04-17 13:43:04.514000,2026-04-17 14:36:35.222000,C1Q6DR7H,APPROVED
Overseas IAA Casual Game Qualitative Interview (Block Blast! / Vita Mahjong),$8.00,$0.00,2026-04-17 12:31:47.823000,2026-04-17 12:32:29.629000,8BOKWCC0,RETURNED
Online Task Study,$1.07,$0.00,2026-04-17 01:19:49.428000,2026-04-17 01:26:39.043000,CTW2KCMI,APPROVED
Decision Making Under Uncertainty (5 min),$1.50,$0.12,2026-04-16 21:59:56.970000,2026-04-16 22:04:08.719000,AGENTIC2026,APPROVED
Take a survey about reading things online,$4.00,$0.00,2026-04-16 21:30:04.369000,2026-04-16 21:43:06.182000,CJ0HIDDV,APPROVED
Take a survey about reading things online,$0.20,$0.00,2026-04-16 20:13:26.985000,2026-04-16 20:14:20.424000,NOCODE,APPROVED
Domain Energy Stability Model rev 1.1,$1.60,$0.00,2026-04-16 19:42:06.176000,2026-04-16 19:50:01.777000,C1O428E0,APPROVED
Dubbing English - Portuguese (Brazil) (exp 3),£6.00,£0.00,2026-04-16 17:44:49.432000,2026-04-16 18:08:12.254000,s7qpk35,APPROVED
Share Your Experience on Technology Platforms,$4.80,$0.52,2026-04-16 16:40:40.599000,2026-04-16 16:41:36.708000,SCREENOUT001,SCREENED OUT
Deepfake detection,$3.60,$0.00,2026-04-16 15:47:54.960000,2026-04-16 16:31:07.432000,C15FS7WT,APPROVED
"Influence of art over the evolution of culture, beliefs and human sensibilities. (1)",£2.25,£0.00,2026-04-16 15:15:24.655000,2026-04-16 15:39:09.602000,C13PBNBC,APPROVED
Gaming and Esports Experiences Study,£2.25,£0.00,2026-04-16 14:22:29.580000,2026-04-16 14:51:33.203000,CPP2IJBX,APPROVED
3D Scene Quality Evaluation - Batch 1,£4.50,£0.36,2026-04-16 13:14:08.735000,2026-04-16 14:11:24.350000,EVAL3D-B1-2026Q2,APPROVED
[60min] Overseas IAA casual game user interviews: Block Blast! & Vita Mahjong (US/Indonesia/Brazil),$18.00,$0.15,2026-04-16 12:15:42.861000,2026-04-16 12:21:17.198000,XBA3PX25,SCREENED OUT
How Empathetic Are You With Others? Rate These Voices To Find Out!,$3.83,$0.75,2026-04-16 11:48:15.566000,2026-04-16 11:56:26.409000,COMPLETED__441a0a468e399be0493a6c584120bcd9,APPROVED
Sign Up & Onboarding & Sign In Experience Evaluation of Video Conferencing App,$2.00,$0.00,2026-04-16 03:26:22.763000,2026-04-16 03:46:02.081000,DONE_f31af7,APPROVED
A bölcsődei nevelés milyen hatást gyakorol a kisgyermekek szociális és érzelmi fejlődésére,£0.75,£0.00,2026-04-15 21:40:47.290000,,,RETURNED
Sign Up & Onboarding & Sign In Experience Evaluation of Video Conferencing App,$2.00,$0.00,2026-04-15 19:56:53.461000,2026-04-15 19:58:02.582000,RETURN_9098b2,RETURNED
Health Information Study,$1.50,$0.00,2026-04-15 19:05:08.183000,2026-04-15 19:24:54.205000,CBPZ6UN8,APPROVED
Online Task Study,$1.07,$0.00,2026-04-15 18:53:10.726000,2026-04-15 18:58:48.901000,CTW2KCMI,APPROVED
Sign Up & Onboarding & Sign In Experience Evaluation of Video Conferencing App,$2.00,$0.00,2026-04-15 16:43:48.638000,2026-04-15 17:13:49.944000,DONE_bab0ce,APPROVED
Perceptions of digital information,£0.25,£0.00,2026-04-15 13:20:16.347000,2026-04-15 13:26:05.401000,CF60XSMI,APPROVED
Multi-Scenario Office Person Image Collection,$9.00,$0.00,2026-04-15 01:13:11.053000,,,RETURNED
Count exercise repetitions in videos Copy,$6.00,$0.00,2026-04-14 19:49:05.224000,,,RETURNED
Freelancer or independent contractor hiring prototype feedback,$3.60,$0.46,2026-04-14 19:30:06.378000,2026-04-14 19:31:29.459000,SCREENOUT001,SCREENED OUT
NoiseDebugger - Study,$0.79,$0.00,2026-04-14 18:34:16.577000,,,RETURNED
Smart TV Feedback,$4.80,$0.00,2026-04-14 18:03:59.471000,,,RETURNED
Comparison of Desktop and Mobile Browser Fingerprints,£0.30,£0.26,2026-04-14 14:54:36.663000,2026-04-14 14:58:07.148000,CU5UMHP6,APPROVED
STAR-FLE : Compréhension des expressions polylexicales en français langue étrangère (FLE) *learners of French ONLY*,£7.00,£0.00,2026-04-14 14:00:26.824000,,,RETURNED
Sign Up for an Interactive Group Study,£0.60,£1.00,2026-04-14 13:07:13.428000,2026-04-14 13:14:30.143000,C10D93TZ,APPROVED
Pesquisa de Opinião no Brasil (12 minutos),£1.30,£0.80,2026-04-14 12:23:18.993000,2026-04-14 12:47:41.553000,C4RJQ8J3,APPROVED
Help Us Understand Your Preferences!,$0.20,$0.00,2026-04-14 01:12:24.045000,2026-04-14 01:15:15.215000,NOCODE,APPROVED
Attention and Memory,$3.00,$0.00,2026-04-13 23:44:05.964000,2026-04-13 23:53:56.563000,5CBB0F56,APPROVED
Share Your Opinions - Quick Interview,$7.74,$0.50,2026-04-13 23:42:29.364000,2026-04-13 23:43:54.488000,JAIV278N,SCREENED OUT
Choice selection about sports fans,$0.20,$0.00,2026-04-13 20:33:11.103000,2026-04-13 20:38:01.303000,NOCODE,APPROVED
Consumers' Everyday Experiences and Decisions,$0.40,$0.00,2026-04-13 20:03:52.422000,2026-04-13 20:07:58.168000,C11XOCGW,APPROVED
Understanding User Preferences for Eco-Feedback in AI Coding chatbot,$2.00,$0.00,2026-04-13 17:25:55.892000,2026-04-13 17:40:35.562000,NOCODE,APPROVED
Researching user behavior when looking at simple scatter plots,£2.50,£0.00,2026-04-13 17:04:39.970000,2026-04-13 17:22:43.657000,CL2A1ERI,RETURNED
Play a game,£0.30,£0.00,2026-04-13 16:03:42.692000,2026-04-13 16:09:58.004000,CRMGWWQZ,APPROVED
Moral Decision Making,£3.00,£0.00,2026-04-13 14:44:08.249000,2026-04-13 15:03:23.536000,CTO6EUK8,APPROVED
Interpreting the other’s pain reaction,£6.00,£0.00,2026-04-13 13:18:30.723000,2026-04-13 14:11:44.114000,C161TI10,APPROVED
Survey about AI at work,$0.27,$0.00,2026-04-13 01:57:17.115000,2026-04-13 01:59:55.672000,NOCODE,APPROVED
Sit and Stand Task Copy Copy,$1.00,$0.00,2026-04-12 17:10:31.238000,,,RETURNED
Leader behavior and followers' perceptions and reactions,£0.30,£0.00,2026-04-12 15:17:00.015000,,,RETURNED
CONNECTIVITY 2 Copy,£0.15,£0.00,2026-04-11 20:39:48.945000,,,RETURNED
Recruiting employees who are working in IT/software services industry,$0.60,$0.00,2026-04-10 21:54:00.010000,,,RETURNED
Equipamentos médicos remanufaturados,£0.45,£0.00,2026-04-10 19:39:38.414000,2026-04-10 19:44:22.879000,CQTL0A4J,APPROVED
Tell us about how you make decisions online,$5.60,$0.77,2026-04-10 18:28:01.188000,2026-04-10 18:46:51.366000,SCREENOUT001,SCREENED OUT
Two-Player Decision-Making Game,£5.50,£3.00,2026-04-10 15:12:00.682000,2026-04-10 15:57:23.637000,C1I306XC,APPROVED
Social Media Use and Mental Health Among Emerging Adults,$7.50,$0.00,2026-04-10 14:39:13.077000,2026-04-10 15:00:32.879000,C8FRGHRX,APPROVED
Digital Business Strategy 2,£0.30,£0.44,2026-04-10 13:40:42.267000,2026-04-10 13:43:44.494000,C6P6PGZ9,APPROVED
Digital Business Strategy 1,£0.30,£0.36,2026-04-10 13:33:24.670000,2026-04-10 13:35:27.931000,CLA5UWO7,APPROVED
Evaluating User Preferences for a Resource Management Solution,$0.66,$0.00,2026-04-10 04:31:21.045000,2026-04-10 04:40:40.768000,NOCODE,APPROVED
Compartilhe sua opinião,$4.27,$0.50,2026-04-10 02:34:40.787000,2026-04-10 02:39:42.710000,VN5N1RT4,SCREENED OUT
Product Perception Study (3 minutes),£0.57,£0.00,2026-04-09 22:07:20.845000,2026-04-09 22:14:10.995000,C11O7Q35,APPROVED
The Impact of Childhood Events on Later Mental Health Copy,$1.70,$0.00,2026-04-09 21:09:01.179000,2026-04-09 21:17:49.169000,CD9HBTV6,APPROVED
Human / Browser Agent Robustness — Wren & Thistle,$1.07,$0.00,2026-04-09 19:21:03.885000,2026-04-09 19:24:19.192000,CTW2KCMI,APPROVED
Masters Thesis: Digital Marketing,£0.30,£0.00,2026-04-09 17:07:10.441000,2026-04-09 17:09:08.120000,C1HLQHDS,APPROVED
Star experiment - 202604,£0.30,£0.28,2026-04-09 16:36:54.093000,2026-04-09 16:45:13.659000,NOCODE,APPROVED
Survey for Freight Forwarding Professionals (5–7 minutes),£0.40,£0.00,2026-04-09 14:25:18.310000,,,RETURNED
What explains job satisfaction? Working employees compared between nations,£1.60,£0.00,2026-04-09 13:38:48.811000,2026-04-09 13:47:21.089000,NOCODE,APPROVED
Making the Shortlist: How Shoppers Move Toward Decisions,$5.00,$0.28,2026-04-09 13:37:20.003000,2026-04-09 13:38:23.465000,SCREENOUT001,SCREENED OUT
Users needed to improve online whiteboarding and visualization tool,$3.67,$0.25,2026-04-09 13:19:37.886000,2026-04-09 13:26:01.586000,84cb7f04,SCREENED OUT
Movie Theater Choices & Viewing Preferences,$1.00,$0.00,2026-04-09 03:34:06.133000,2026-04-09 03:47:33.223000,NOCODE,APPROVED
Survey Novice LLMUsage,£1.05,£0.00,2026-04-09 01:54:15.334000,,,RETURNED
Application usage study,$10.00,$0.00,2026-04-09 01:28:08.229000,2026-04-09 01:42:17.917000,CYCY4QY9,APPROVED
connectivity 3,£0.15,£0.00,2026-04-08 23:06:07.129000,,,RETURNED
Voice Quality Comparison (Naturalness & Similarity),$3.90,$0.00,2026-04-08 17:19:26.717000,2026-04-08 17:45:58.993000,CMOS_COMPLETE,APPROVED
A study about Foreign Language Learning,£0.30,£0.18,2026-04-08 17:10:45.639000,2026-04-08 17:12:32.638000,CZ0Z1D96,APPROVED
Study about consumer finances,$0.80,$0.71,2026-04-08 17:02:57.074000,2026-04-08 17:10:30.089000,CUTC699X,APPROVED
Decision Making in Everyday Situations,$0.80,$0.00,2026-04-08 15:19:34.381000,2026-04-08 15:39:05.819000,C2WPUQCV,APPROVED
Ajude a gente a melhorar o atendimento no WhatsApp,$0.36,$0.00,2026-04-08 12:23:06.330000,2026-04-08 12:24:09.491000,296513d7,APPROVED
Experience of decision making on digital platforms,£1.50,£0.00,2026-04-08 02:39:09.178000,2026-04-08 02:57:41.983000,C4LT46OH,APPROVED
"Recruiting employees working in organizations that make use of big data, AI and other technologies (TIS B)",$0.60,$0.25,2026-04-07 22:58:59.016000,2026-04-07 23:02:30.734000,CQRMKDHN,APPROVED
Survey on Work,$2.00,$0.00,2026-04-07 22:49:43.693000,2026-04-07 22:58:22.456000,C1C2XML3,APPROVED
Send 35 photos of your cat_2 Copy,£3.00,£0.00,2026-04-07 20:45:58.630000,2026-04-07 21:37:18.356000,CC0Q5620,APPROVED
Business Decision Survey for International Managers,£2.89,£0.00,2026-04-07 03:52:43.545000,,,RETURNED
Impact and Prevalence of ACEs on Past and Current Mental Health Resource Use and Functioning,$2.75,$0.00,2026-04-06 20:17:30.960000,2026-04-06 20:29:43.245000,CTMVXSHN,APPROVED
Impact of Data Localisation on Decision-Making in SMEs,£0.15,£0.00,2026-04-06 19:46:50.157000,2026-04-06 19:51:56.399000,YMXL-O1WZ-U0PK,APPROVED
The relationship between business and pleasure travel,£1.11,£0.00,2026-04-06 16:38:00.017000,,,RETURNED
AI attitudes,£0.53,£0.00,2026-04-06 03:04:23.796000,2026-04-06 03:06:13.131000,C1HNI9QN,APPROVED
A brief decision task,$0.70,$0.00,2026-04-05 19:54:56.222000,2026-04-05 20:00:29.190000,CMORZV14,APPROVED
Rating Strange Scenarios,£2.55,£0.00,2026-04-05 18:00:33.977000,2026-04-05 18:19:18.465000,C1HW6OBN,APPROVED
Robo-advisor smoothie,£1.20,£0.00,2026-04-04 15:35:03.364000,2026-04-04 15:41:10.687000,C1JWKRUX,APPROVED
Workplace AI and Employee Experience Survey,£1.25,£0.00,2026-04-04 01:48:49.032000,,,RETURNED
A study about SmartReflect,£0.25,£0.08,2026-04-04 01:11:52.988000,2026-04-04 01:15:08.242000,CBQTGW0T,APPROVED
Recruiting employees with good understanding of circular business models,$0.53,$0.62,2026-04-04 00:18:14.964000,2026-04-04 00:31:21.958000,C1K3NYUB,APPROVED
Philosophical Intuitions!,$2.00,$0.00,2026-04-03 20:51:30.249000,2026-04-03 21:08:36.879000,CT21TAU6,APPROVED
Workplace Survey Design Pilot Study,$0.60,$0.37,2026-04-02 14:29:26.364000,2026-04-02 14:34:14.300000,CAV947F7,APPROVED
Work Experiences with Digital Tools,£0.72,£0.00,2026-04-02 14:10:42.505000,2026-04-02 14:12:53.860000,CA4QPK19,APPROVED
Comportamento de compra online das Gerações Y e Z de produtos de linha branca,£0.25,£0.00,2026-04-02 13:37:39.100000,2026-04-02 13:45:06.770000,NOCODE,APPROVED
Mindset and Decision-Making,£1.33,£0.00,2026-04-01 20:50:49.934000,2026-04-01 21:04:08.152000,NOCODE,APPROVED
Individual Differences in Listening Attention to Lyrics and Musical Elements,£1.07,£0.00,2026-04-01 17:33:35.717000,2026-04-01 17:40:14.604000,791146,APPROVED
Attention and evaluation task with natural scenes and sounds Copy,£10.20,£0.00,2026-04-01 16:20:23.172000,,,RETURNED
A study about working preferences,£0.60,£0.00,2026-04-01 16:10:21.796000,2026-04-01 16:15:09.288000,CJZNK25K,APPROVED
Perceptions of Online Political Content,$1.50,$0.00,2026-04-01 14:41:47.002000,2026-04-01 14:49:07.816000,NOCODE,APPROVED
Miro Engineering Product & Design Professionals,$0.20,$0.00,2026-04-01 01:27:31.638000,,,RETURNED
Burn-on free Copy Copy Copy Copy,£0.45,£0.00,2026-04-01 01:07:27.787000,2026-04-01 01:22:21.073000,NOCODE,APPROVED
Workplace Well-Being Survey,$2.25,$0.00,2026-03-31 23:52:28.364000,2026-04-01 00:04:36.588000,C1H9SQ7M,APPROVED
Ayúdanos a mejorar la experiencia de crédito en la app,$1.00,$0.00,2026-03-31 19:35:44.472000,2026-03-31 19:35:57.348000,9446a3cd-edb2-4506-9887-bf2486e26965-INCDEV,RETURNED
$1000 for 12 Documents - Paid Document Contribution,$0.25,$0.00,2026-03-31 16:31:30.835000,,,TIMED-OUT
Entertainment Preferences Study,$6.67,$0.50,2026-03-31 16:24:13.258000,2026-03-31 16:26:35.258000,Z8IHKDAB,SCREENED OUT
A study about music,$0.43,$0.00,2026-03-31 15:00:54.688000,2026-03-31 15:07:21.572000,CX0N6VYZ,APPROVED
"Consumer perception towards products, life scenarios and advertisements.",£1.34,£0.00,2026-03-31 13:08:02.131000,2026-03-31 13:20:00.828000,CZ02YZ0F,APPROVED
How Empathetic Are You With Others? Rate These Voices To Find Out!,$3.83,$0.75,2026-03-31 04:54:02.191000,2026-03-31 05:02:26.893000,COMPLETED__9b5daff229f8e1440ff713b684d21554,APPROVED
Consumer Study,£0.30,£0.00,2026-03-31 03:51:39.389000,,,RETURNED
Music Search Experience Survey,£0.13,£0.00,2026-03-30 20:21:29.563000,2026-03-30 20:23:58.552000,NOCODE,APPROVED
Descrição de clipes de voz,$3.00,$0.50,2026-03-30 19:09:47.671000,2026-03-30 19:13:36.616000,COMPLETED__b6af21affe9a73c45e49d8f6af9a02cb,APPROVED
Descrição de clipes de voz,$3.00,$0.50,2026-03-30 18:57:55.200000,2026-03-30 19:04:51.987000,COMPLETED__5ff28f0d85ce5ad1fc50dafba387cb3b,APPROVED
Work experience and behavior research_Stage 3,£1.05,£0.00,2026-03-30 16:59:06.114000,2026-03-30 17:04:51.295000,C1KCNJD8,APPROVED
Quão bem a IA fala,$9.71,$0.50,2026-03-30 15:32:31.045000,2026-03-30 16:58:38.967000,EZ096GJM,APPROVED
Uncertainty perceptions 3.1,£1.30,£0.00,2026-03-30 13:49:58.752000,,,RETURNED
Connectivity Copy,£0.15,£0.00,2026-03-29 22:37:24.429000,2026-03-29 22:47:45.354000,NOCODE,APPROVED
GenAI Readiness Survey,£1.64,£0.00,2026-03-29 21:35:01.263000,2026-03-29 21:44:04.598000,NOCODE,APPROVED
UI pop-up layout study,£3.30,£0.00,2026-03-29 18:40:38.057000,2026-03-29 18:49:29.861000,C1A3A2IP,APPROVED
Negative Megaphoning Low PCB and Low EF,£0.17,£0.00,2026-03-29 18:12:43.115000,2026-03-29 18:20:35.908000,NOCODE,APPROVED
Can You Solve These Physics Puzzles?,$1.40,$0.00,2026-03-29 04:02:58.247000,,,RETURNED
Olá e obrigado por participar!,$6.00,$0.00,2026-03-26 18:47:58.436000,2026-03-26 19:47:26.948000,8492d2ba-0cc2-4c72-883f-c2a7da34e7f5,APPROVED
How Empathetic Are You With Others? Rate These Voices To Find Out!,$2.50,$0.96,2026-03-26 16:55:37.135000,2026-03-26 17:23:07.984000,COMPLETED__6ce656a60621da2ab65a3e457ff2b0e2,APPROVED
Avaliação de Perfis de Jornalismo de Futebol,£0.41,£0.22,2026-03-26 15:16:48.435000,2026-03-26 15:25:12.435000,NOCODE,APPROVED
A survey on life outlook and consumption tendency,£1.01,£0.19,2026-03-26 02:29:14.057000,2026-03-26 02:38:05.486000,C16EYLBG,APPROVED
Public Perceptions of Hiring Practices 0325,$0.70,$0.18,2026-03-26 02:16:48.092000,2026-03-26 02:22:48.028000,C6BG2XD7,APPROVED
AI-Labeled Jobs,$0.20,$0.00,2026-03-26 00:16:20.606000,2026-03-26 00:20:09.749000,NOCODE,APPROVED
Social Media & Gen Z Investment Behavior,$1.16,$0.00,2026-03-25 18:01:30.927000,2026-03-25 18:07:47.499000,NOCODE,APPROVED
Music Listening F2,£1.63,£0.16,2026-03-25 17:33:26.552000,2026-03-25 17:52:33.541000,C1KW10CI,APPROVED
Dating Satisfaction and AI Companionship Study,£2.54,£0.00,2026-03-25 16:49:04.939000,2026-03-25 16:53:08.048000,CJE1DYIF,APPROVED
Estudo sobre a sua experiência de escrita multilingue,$7.00,$3.21,2026-03-24 18:31:32.139000,2026-03-24 19:08:49.353000,C19G2843,APPROVED
Individual differences in disgust,£5.00,£0.00,2026-03-24 03:31:38.893000,2026-03-24 04:06:41.223000,CEL7B51B,APPROVED
Opera Browser Usage & Perception in Brazil,£0.15,£0.00,2026-03-23 22:19:25.648000,2026-03-23 22:22:04.715000,RBUJ-KXYX-YPKK-DYPA,APPROVED
A study about Current Events awareness,£0.30,£0.00,2026-03-23 21:45:17.586000,2026-03-23 21:46:30.666000,CQDABV6R,APPROVED
Social Sustainability Co-Branding Strategies in Luxury Hospitality,$1.00,$0.00,2026-03-23 21:35:23.443000,,,RETURNED
An Avatar of Your Professor (1),$2.00,$0.00,2026-03-23 19:22:15.146000,2026-03-23 20:00:26.130000,C16SDM6P,APPROVED
People’s views on immigration processes,$2.00,$0.00,2026-03-23 19:00:55.967000,2026-03-23 19:17:44.210000,C5XFYR7M,RETURNED
Try to Beat Our Face Verification System — Don't scan your face,$1.25,$0.00,2026-03-21 01:53:00.011000,,,RETURNED
A study about Current Events awareness,£0.30,£0.00,2026-03-20 20:18:45.138000,2026-03-20 20:20:08.269000,CQDABV6R,APPROVED
A study about a new movie,$0.70,$0.00,2026-03-20 18:19:01.051000,2026-03-20 18:25:29.240000,CX0N6VYZ,APPROVED
Play an investment game and earn a bonus!,£0.80,£0.44,2026-03-20 14:57:44.616000,2026-03-20 15:06:59.292000,C40V03KB,APPROVED
Mapping Transdiagnostic Symptom Overlap (Phase 1),£0.50,£0.00,2026-03-19 18:24:57.319000,2026-03-19 18:27:57.098000,C1K60AHZ,APPROVED
How Empathetic Are You With Others? Rate These Voices To Find Out!,$2.17,$0.75,2026-03-19 16:14:30.419000,2026-03-19 16:31:55.051000,COMPLETED__9e567a953be91bb92fe2c73c63365ee4,APPROVED
How Empathetic Are You With Others? Rate These Voices To Find Out!,$2.17,$3.53,2026-03-19 15:23:49.043000,2026-03-19 15:44:24.464000,COMPLETED__779e946ab9da7b09510af156c082f45b,APPROVED
Social Media Influencer Evaluation,$0.20,$0.00,2026-03-18 20:29:45.932000,2026-03-18 20:30:35.965000,C1CPYEGO,APPROVED
Personal Values and Consumption Behaviors,$0.80,$0.18,2026-03-18 18:42:25.558000,2026-03-18 18:48:28.504000,C1AJGCCO,APPROVED
Brief Opinion Survey,$0.27,$0.00,2026-03-18 17:01:05.193000,2026-03-18 17:01:27.196000,CU6RCDD2,RETURNED
Consumer Preference Study,$1.00,$0.17,2026-03-18 15:53:54.519000,2026-03-18 16:01:56.831000,C1CM0TE7,APPROVED
Brief Opinion Survey,$0.27,$0.00,2026-03-17 19:55:52.674000,2026-03-17 19:59:10.544000,C3EIBW0C,APPROVED
Brief Opinion Survey,$0.27,$0.00,2026-03-17 19:19:10.063000,,,TIMED-OUT
AI_Disclosure_Study4_AI-policy disclosures help_MechanismTest_Prolific,$1.00,$0.00,2026-03-17 18:47:52.640000,2026-03-17 19:00:34.034000,NOCODE,APPROVED
Brief Opinion Survey,$0.14,$0.00,2026-03-17 17:20:02.303000,2026-03-17 17:20:43.617000,C1EVCLQG,APPROVED
Brief Opinion Survey,$0.14,$0.00,2026-03-17 14:37:51.040000,2026-03-17 14:38:33.489000,C1O4DGEJ,APPROVED
Describe Your Workplace Leader - Part 2,$1.00,$0.00,2026-03-17 14:35:24.132000,2026-03-17 14:37:04.309000,CL9WS92X,APPROVED
Analytics & Data Mining Project Success Factors — Practitioner Survey Copy 2,£1.20,£0.00,2026-03-17 03:17:23.746000,2026-03-17 03:23:57.890000,CM9E52GB,APPROVED
Data for sustainable consumption decision-making,£2.00,£0.00,2026-03-16 18:17:44.496000,2026-03-16 18:31:27.049000,NOCODE,RETURNED
Work experience and behavior research_Stage 2,£1.35,£0.00,2026-03-15 15:26:57.540000,2026-03-15 15:32:32.962000,C1KCNJD8,APPROVED
digital communication and message overload.,£0.31,£0.00,2026-03-14 19:21:03.190000,,,TIMED-OUT
Experience and Industrial Development of Brazilian Carnival,£0.50,£0.60,2026-03-14 15:47:13.228000,2026-03-14 15:54:24.520000,C15TLNXG,APPROVED
Brief Opinion Survey,$0.27,$0.00,2026-03-13 18:31:26.511000,2026-03-13 18:32:29.730000,C1ACFZYX,APPROVED
Pesquisa de Qualidade Linguística e Localização de Serviço de Design Online Copy,£2.55,£0.00,2026-03-13 01:03:53.718000,2026-03-13 01:16:51.895000,CVZAJMGK,APPROVED
Mobile Game Rating Survey,$5.00,$0.00,2026-03-12 23:55:49.516000,2026-03-13 00:07:20.146000,SURVEY_COMPLETE,APPROVED
Application usage study,$10.00,$0.00,2026-03-12 18:51:50.337000,2026-03-12 19:03:27.298000,CYCY4QY9,APPROVED
HOW SOCIAL MEDIA IS IMPACTING CHRISTIAN YOUTH,£0.30,£0.45,2026-03-11 15:23:01.286000,2026-03-11 15:26:32.765000,CYQR0RVL,APPROVED
Describe Your Workplace Leader - Part 1,$2.50,$0.00,2026-03-10 21:53:17.753000,2026-03-10 22:05:54.440000,C1LRT3X1,APPROVED
Study on Engineering Teams Using AI Coding Tools,$8.33,$0.14,2026-03-10 20:14:14.353000,2026-03-10 20:17:06.701000,PERXD1WC,SCREENED OUT
Brief Opinion Survey,$0.27,$0.00,2026-03-10 18:47:43.854000,2026-03-10 18:50:41.839000,CR2D4TO9,APPROVED
Brief Opinion Survey,$0.27,$0.00,2026-03-10 18:39:26.152000,2026-03-10 18:42:32.283000,C12ZWJ5Y,APPROVED
Brief Opinion Survey,$0.27,$0.00,2026-03-10 18:19:28.171000,2026-03-10 18:20:27.358000,C10NGZ9C,APPROVED
Brief Opinion Survey,$0.27,$0.00,2026-03-10 17:29:11.115000,2026-03-10 17:30:17.754000,CZ1YVGXU,APPROVED
Brief Opinion Survey,$0.27,$0.00,2026-03-10 17:13:03.765000,2026-03-10 17:13:58.695000,CT8ADOTW,APPROVED
Brief Opinion Survey,$0.14,$0.00,2026-03-10 16:20:49.605000,2026-03-10 16:21:47.847000,CHZQV5J1,APPROVED
Beta Review: 45-Minute Science-Backed Nature Connection Experience,$20.00,$0.00,2026-03-10 00:41:28.987000,,,RETURNED
Information system projects (survey),£8.00,£0.10,2026-03-10 00:34:08.965000,2026-03-10 00:37:27.787000,CUC9UXHX,SCREENED OUT
Shape the Future of Your Professional Development,$2.16,$0.00,2026-03-09 21:26:05.744000,,,RETURNED
NCAA Basketball Wager Choice,$0.25,$0.00,2026-03-09 20:17:58.150000,2026-03-09 20:19:06.055000,CKL9B0F8,APPROVED
Would You Want to Travel to the U.S. for the World Cup?,$0.30,$0.00,2026-03-09 19:13:45.901000,2026-03-09 19:17:29.928000,C14MR38Y,APPROVED
Domain Manager Usability Test,$1.00,$0.00,2026-03-09 18:39:16.323000,2026-03-09 18:44:37.559000,115611a0-b716-4dbc-95e5-2b96ea38b7b3,RETURNED
Judgment and choice,$0.60,$0.00,2026-03-09 15:54:58.710000,2026-03-09 15:56:46.347000,C1CPKRKW,APPROVED
Detroit Pistons Survey on Sponsorship Awareness,$2.00,$0.00,2026-03-08 19:48:14.885000,,,RETURNED
AI Appreciation/Aversion & Decision Making,£0.90,£0.00,2026-03-08 19:29:39.291000,,,RETURNED
Workplace Well-Being Survey,$2.25,$0.15,2026-03-08 18:31:24.637000,2026-03-08 18:45:54.671000,C1LHDV8O,APPROVED
Profile Study,$0.17,$0.12,2026-03-08 17:00:54.638000,2026-03-08 17:02:32.715000,CLDM9MSO,APPROVED
"Consumer experience with home services (e.g., electrician, plumber, etc.)",£0.35,£0.00,2026-03-08 00:16:01.963000,2026-03-08 00:17:21.281000,CTUP8FVQ,APPROVED
Study on Bid Preparation and Tender Submission Workflows,£0.25,£0.00,2026-03-07 18:24:11.486000,,,RETURNED
Microsoft Excel 1,£2.90,£0.00,2026-03-07 16:36:02.342000,,,RETURNED
Voluntary Simplicity,£0.35,£0.00,2026-03-07 15:57:41.231000,2026-03-07 16:06:23.651000,NOCODE,APPROVED
Customer Service Retail Assessment,£1.20,£0.00,2026-03-06 22:08:11.140000,,,RETURNED
Early Talent Study,$4.00,$0.00,2026-03-06 21:43:44.257000,2026-03-06 22:00:21.987000,C6WQF2WF,RETURNED
Brief Opinion Survey,$0.27,$0.00,2026-03-06 21:39:54.197000,2026-03-06 21:42:43.906000,CKRLLQ0N,APPROVED
Patriotism and Product Choices,$0.60,$0.00,2026-03-06 21:19:33.785000,2026-03-06 21:29:46.339000,CKF5CEXN,APPROVED
Research Study: Decision-making task (STUDY2026_00000003),$3.00,$0.00,2026-03-06 19:46:52.859000,2026-03-06 20:09:16.093000,C1MCL5DW,APPROVED
Brief Opinion Survey,$0.14,$0.00,2026-03-06 17:35:56.582000,2026-03-06 17:37:15.720000,C6TJQ3E5,APPROVED
A Study About Your Role,$20.73,$0.00,2026-03-06 17:07:35.419000,,,RETURNED
AI Decision-Making and Workplace Perceptions Survey,$0.20,$0.00,2026-03-06 01:53:07.838000,,,RETURNED
A study about pain,$0.38,$0.00,2026-03-05 17:55:11.018000,2026-03-05 17:57:47.106000,C11SG2U1,RETURNED
Send 35 photos of your dog Copy,£3.00,£0.00,2026-03-05 15:11:24.592000,,,RETURNED
How Empathetic Are You With Others? Rate These Voices To Find Out!,$2.17,$0.75,2026-03-04 19:53:52.738000,2026-03-04 20:01:24.338000,COMPLETED__71ce1d2fac383067cd1402f99bcef6e3,APPROVED
How Empathetic Are You With Others? Rate These Voices To Find Out!,$2.17,$0.75,2026-03-04 19:44:05.569000,2026-03-04 19:53:33.353000,COMPLETED__f38f30129ac12c3321da77b727ae8fd7,APPROVED
How Empathetic Are You With Others? Rate These Voices To Find Out!,$2.17,$0.75,2026-03-04 19:29:49.918000,2026-03-04 19:37:09.915000,COMPLETED__c2ebb08ed6a69ab1f58062f82212f45b,APPROVED
How Empathetic Are You With Others? Rate These Voices To Find Out!,$2.17,$0.75,2026-03-04 19:20:42.661000,2026-03-04 19:29:08.653000,COMPLETED__3bf9c98cf9075afb3746efd7f38e1a56,APPROVED
Building Resilience with Others 2,$3.00,$0.00,2026-03-04 18:10:11.678000,2026-03-04 18:23:59.902000,C3VFERWV,APPROVED
Red Flags Perceptions and Early Romantic Decision-Making,$2.00,$0.00,2026-03-04 17:14:43.868000,2026-03-04 17:40:14.374000,NOCODE,RETURNED
Chatbot personal conversation,$4.00,$0.00,2026-03-04 00:27:50.206000,,,RETURNED
Understanding User Preferences for Eco-Feedback in AI Chatbots,$2.00,$0.00,2026-03-03 01:25:15.585000,,,RETURNED
Global Leadership Prescreen Survey,£0.15,£0.00,2026-03-02 20:36:26.714000,2026-03-02 20:36:53.677000,C1CNRFCY,RETURNED
Sketch whole image comparison,$1.00,$0.00,2026-03-01 22:36:40.479000,2026-03-01 22:47:04.305000,C1B86JKF,APPROVED
Does the Use of Jargon Affect Perceptions of Psychotherapists?,$2.00,$0.00,2026-03-01 21:01:28.945000,,,RETURNED
Hábitos modernos no contexto da sustentabilidade,£0.25,£0.10,2026-02-28 19:43:13.583000,2026-02-28 19:44:58.736000,C1C7LF36,SCREENED OUT
Work experience and behavior research_Stage 1,£1.35,£0.00,2026-02-27 16:40:46.618000,2026-02-27 16:51:24.556000,C1KCNJD8,APPROVED
4visiting survey,£0.38,£0.00,2026-02-27 03:28:11.414000,,,RETURNED
Survey on Lifestyle and Health Habits,£5.00,£0.10,2026-02-27 03:21:56.276000,2026-02-27 03:23:57.256000,C1AHZEOR,SCREENED OUT
Values in the Virtual Age: Unpacking How Work Location Transforms What Employees Want,$0.40,$0.00,2026-02-27 02:41:19.713000,,,RETURNED
Questionnaire on Visiting Experience in the Botanical Garden and  Environmental Protect,£0.38,£0.00,2026-02-27 02:39:43.124000,,,RETURNED
Rosalia  - Sauvignon Blanc Emotional Resonance,$1.00,$0.00,2026-02-27 00:54:57.931000,2026-02-27 01:02:57.347000,ebe14dc2-e9f0-40db-aa2b-c8f2a2b3368e,APPROVED
Cross Domaining Art & Music,$0.90,$0.02,2026-02-26 19:29:28.139000,2026-02-26 19:32:53,CE9LYNTE,APPROVED
Social Media Virtual Influencer,$0.20,$0.00,2026-02-26 19:28:14.445000,2026-02-26 19:29:07.988000,C5R3H6G9,APPROVED
Webcam display research,$0.50,$0.00,2026-02-26 12:24:33.835000,,,RETURNED
A Study About Social Media Short-form Video Usage,£2.20,£0.00,2026-02-25 15:53:42.213000,2026-02-25 16:10:35.800000,C5NBZTA2,RETURNED
Olá e obrigado por participar!,$4.20,$0.92,2026-02-25 01:08:28.986000,2026-02-25 01:09:55.719000,SCREENOUT001,SCREENED OUT
Short (1 minute) survey about Winter Storm Fern,$0.20,$0.00,2026-02-24 20:53:35.196000,2026-02-24 20:54:48.049000,CWCB6MII,APPROVED
How Regulatory Focus Shapes Adjustment and Performance in the Return-to-Office Era,$3.00,$0.00,2026-02-24 17:17:09.416000,2026-02-24 17:23:43.194000,C4KICB3B,APPROVED
AI Tools & Online Reviews,$0.40,$0.00,2026-02-24 00:58:54.981000,2026-02-24 01:04:49.123000,NOCODE,APPROVED
[RECORDING + SCREENING REQUIRED]Usability task & feedback on a website/app prototype.,$3.67,$0.00,2026-02-23 01:42:09.507000,,,RETURNED
Escala de Consumo Ético no Brasil,£0.15,£0.21,2026-02-23 00:36:20.676000,2026-02-23 00:39:08.216000,NOCODE,APPROVED
"Coin collecting 3D Game + bonus (Chrome browser, ~10 mins)",$1.40,$0.00,2026-02-22 23:52:35.774000,2026-02-23 00:01:07.543000,XAGN1F5F,APPROVED
MicroInsurance in Latin America and the Caribbean 4,$2.00,$0.00,2026-02-21 17:54:13.707000,,,RETURNED
Follow-up on Goals Follow-Through,£0.30,£0.00,2026-02-20 18:57:17.758000,2026-02-20 19:01:46.117000,C227NHWA,APPROVED
Goal Follow-Through,£1.50,£0.00,2026-02-20 17:10:18.631000,2026-02-20 17:24:05.111000,C13D76AL,APPROVED
Brief Opinion Survey,$0.14,$0.00,2026-02-20 16:17:32.133000,2026-02-20 16:18:43.377000,C1J7ZC2D,APPROVED
Keyword collection,$12.00,$0.00,2026-02-19 20:39:58.139000,,,RETURNED
Como você avalia combinações de benefícios em cartões premium?,$1.26,$0.00,2026-02-19 19:43:23.482000,,,RETURNED
A study about being friendly,£0.45,£0.00,2026-02-18 15:56:22.943000,2026-02-18 16:01:25.213000,C1H6E3U2,APPROVED
Pesquisa sobre relacionamento bancario,$12.50,$0.50,2026-02-18 14:34:06.382000,2026-02-18 14:39:54.582000,ac8ada781b5d9c3af2bec75ef1ab4aa238acb501a470a621495dc8adde9d7849,SCREENED OUT
AI user response,£0.50,£0.00,2026-02-17 17:14:16.856000,,,RETURNED
Brief Opinion Survey,$0.27,$0.00,2026-02-17 16:38:08.302000,2026-02-17 16:40:46.169000,C40V5YX3,APPROVED
Brief Opinion Survey,$0.27,$0.00,2026-02-17 16:00:18.243000,2026-02-17 16:03:39.088000,C1NK5XYF,APPROVED
Rating Search Results F,$1.40,$0.60,2026-02-16 17:02:42.439000,2026-02-16 17:08:58.652000,C1I57JJG,APPROVED
Food preferences,£0.50,£0.00,2026-02-16 15:49:37.652000,2026-02-16 15:55:51.911000,C13Y2UO7,APPROVED
Humanlike service robots,£1.05,£0.30,2026-02-16 15:19:13.513000,2026-02-16 15:32:25.820000,CVY804FK,APPROVED
A study about your beliefs,$2.00,$0.00,2026-02-15 21:34:13.284000,,,RETURNED
Simulated Restaurant Interaction: Live Chat Study,$1.50,$0.00,2026-02-15 18:09:24.789000,,,RETURNED
Task randomizer,£0.10,£0.00,2026-02-15 17:31:36.555000,,,RETURNED
Social Media Influencer Evaluation,£0.18,£0.00,2026-02-14 21:51:03.625000,2026-02-14 21:52:55.010000,C1D28JS2,APPROVED
A study about your beliefs,$0.60,$0.00,2026-02-13 18:25:30.960000,,,RETURNED
Winter Olympics: Search + Answer 2 Survey Questions about Luge,$0.34,$0.00,2026-02-13 15:34:46.107000,2026-02-13 15:38:40.962000,CWI5IQZV,APPROVED
Transfer in Implicit Learning,£4.00,£0.00,2026-02-13 14:34:01.807000,,,RETURNED
Study about your Current Work Experience,$2.80,$0.00,2026-02-13 02:52:18.723000,2026-02-13 03:00:49.450000,C9I74BXP,RETURNED
Decision-Making and Feedback in Creative Crowdsourcing Contest (Survey),£0.35,£0.00,2026-02-13 02:06:15.816000,2026-02-13 02:13:50.836000,CHW5M0B0,APPROVED
Pesquisa de Qualidade Linguística e Localização de Serviço de Design Online,£2.55,£0.00,2026-02-13 00:50:49.996000,2026-02-13 01:07:06.068000,NOCODE,APPROVED
Rating a short political speech v2,£0.30,£0.00,2026-02-12 20:24:48.909000,2026-02-12 20:28:20.842000,CU8J44PT,APPROVED
Make a video call on iPhone - Neurological Survey 2026 Q1,$4.00,$0.00,2026-02-12 19:45:43.570000,,,RETURNED
Therapist Work Experiences and Professional Quality of Life Copy,$1.50,$0.00,2026-02-05 16:13:17.249000,2026-02-05 16:15:26.917000,NOCODE,RETURNED
Search for Target,$0.35,$0.10,2026-02-05 13:55:52.627000,2026-02-05 13:58:44.823000,C16XLZ25,APPROVED
Read a short story and answer a few questions (10 minutes),£1.50,£0.00,2026-02-05 03:15:05.697000,2026-02-05 03:24:19.070000,C8S5VKBT,RETURNED
Invitation to Register for a Two-Wave Workplace Interaction Study,£0.50,£0.00,2026-02-05 01:45:02.158000,,,RETURNED
Computer Agent Data Collection 2 (Mac Silicon Only - new macs),$10.00,$0.00,2026-02-05 00:58:53.354000,,,RETURNED
Quão bem a IA fala,$6.12,$1.70,2026-02-04 19:27:59.151000,2026-02-04 19:54:34.195000,LZSTJSS8,APPROVED
English - Speaking Skills Assessment Study,$2.50,$1.04,2026-02-04 16:42:23.708000,2026-02-04 17:26:25.270000,C2YMP839,APPROVED
Consumo de Moda e Desperdício Pré-Consumo,£0.17,£0.00,2026-02-04 02:17:45.986000,2026-02-04 02:20:00.224000,NOCODE,APPROVED
Online Product Recommendation Study,£0.50,£0.03,2026-02-04 00:36:20.374000,2026-02-04 00:41:25.494000,CGBD5G1L,APPROVED
Platform test,£0.10,£0.00,2026-02-03 22:59:30.947000,2026-02-03 23:08:08.830000,NOCODE,RETURNED
Advertising Research,£1.50,£0.00,2026-02-03 18:17:59.626000,2026-02-03 18:36:08.025000,C14YVZ6K,APPROVED
Prolific Official | Portuguese Language Assessment,£4.50,£0.00,2026-02-03 17:14:27.750000,2026-02-03 17:33:58.155000,NOCODE,RETURNED
An investigation for leadership Study 2,£0.15,£0.00,2026-02-03 14:44:27.752000,2026-02-03 14:48:45.355000,C14XS6XX,APPROVED
Julgamento de frases,£1.80,£0.00,2026-02-03 13:47:08.403000,2026-02-03 14:27:08.413000,C1PSCERL,APPROVED
Improve an AI model and explain your choices,£8.44,£3.00,2026-02-02 20:30:40.181000,2026-02-02 21:11:19.686000,C19D8CPB,APPROVED
Brief Opinion Survey,$0.27,$0.00,2026-02-02 20:12:46.658000,2026-02-02 20:18:30.110000,C18HZ8QA,APPROVED
Tourist Preference and Behavior Study,£0.45,£0.00,2026-02-02 16:23:33.049000,2026-02-02 16:33:26.278000,C6GDZK5N,APPROVED
SAV measurement,£0.90,£0.00,2026-02-02 16:01:38.265000,,,RETURNED
Take 6 photos with objects and people,£2.00,£0.00,2026-02-01 23:37:21.085000,,,RETURNED
Social Media Influencer Evaluation,$0.20,$0.00,2026-01-30 01:32:30.243000,2026-01-30 01:34:49.587000,CFAHYWB7,APPROVED
Record 15 videos using your webcam,£3.30,£0.00,2026-01-28 20:17:47.926000,2026-01-28 20:57:21.176000,C1DMKZCO,RETURNED
A Study for JMP Users: Understanding the user experience in visual analytics,£3.49,£0.00,,,,RETURNED
"Decision Game (average earnings above €2, 15 min, £0.70 + performance bonus, )",£1.00,£0.00,,,,RETURNED
Using sensors to guess a truck’s most likely path,$10.00,$0.00,,,,RETURNED
Evaluating non-functional requirements through interactive dialogues with LLM,$20.00,$0.00,,,,RETURNED
Try to Beat Our Face Verification System — Don't scan your face Copy Copy,$0.75,$0.00,,,,RETURNED
Help us pick the right words for a new creator platform,$0.20,$0.00,,,,RETURNED
